<?xml version="1.0" encoding="UTF-8"?>
<GenRun Id="impl_1" LaunchPart="xc7z020clg484-1" LaunchTime="1586253354">
  <File Type="BITSTR-BMM" Name="adder_array_bd.bmm"/>
  <File Type="OPT-METHODOLOGY-DRC" Name="adder_array_methodology_drc_opted.rpt"/>
  <File Type="INIT-TIMING" Name="adder_array_timing_summary_init.rpt"/>
  <File Type="ROUTE-PWR" Name="adder_array_power_routed.rpt"/>
  <File Type="PA-TCL" Name="adder_array.tcl"/>
  <File Type="OPT-TIMING" Name="adder_array_timing_summary_opted.rpt"/>
  <File Type="OPT-DCP" Name="adder_array_opt.dcp"/>
  <File Type="ROUTE-PWR-SUM" Name="adder_array_power_summary_routed.pb"/>
  <File Type="REPORTS-TCL" Name="adder_array_reports.tcl"/>
  <File Type="OPT-DRC" Name="adder_array_drc_opted.rpt"/>
  <File Type="OPT-HWDEF" Name="adder_array.hwdef"/>
  <File Type="PWROPT-DCP" Name="adder_array_pwropt.dcp"/>
  <File Type="PWROPT-DRC" Name="adder_array_drc_pwropted.rpt"/>
  <File Type="PWROPT-TIMING" Name="adder_array_timing_summary_pwropted.rpt"/>
  <File Type="PLACE-DCP" Name="adder_array_placed.dcp"/>
  <File Type="PLACE-IO" Name="adder_array_io_placed.rpt"/>
  <File Type="PLACE-CLK" Name="adder_array_clock_utilization_placed.rpt"/>
  <File Type="PLACE-UTIL" Name="adder_array_utilization_placed.rpt"/>
  <File Type="PLACE-UTIL-PB" Name="adder_array_utilization_placed.pb"/>
  <File Type="PLACE-CTRL" Name="adder_array_control_sets_placed.rpt"/>
  <File Type="PLACE-SIMILARITY" Name="adder_array_incremental_reuse_placed.rpt"/>
  <File Type="PLACE-PRE-SIMILARITY" Name="adder_array_incremental_reuse_pre_placed.rpt"/>
  <File Type="BG-BGN" Name="adder_array.bgn"/>
  <File Type="PLACE-TIMING" Name="adder_array_timing_summary_placed.rpt"/>
  <File Type="POSTPLACE-PWROPT-DCP" Name="adder_array_postplace_pwropt.dcp"/>
  <File Type="BG-BIN" Name="adder_array.bin"/>
  <File Type="POSTPLACE-PWROPT-TIMING" Name="adder_array_timing_summary_postplace_pwropted.rpt"/>
  <File Type="PHYSOPT-DCP" Name="adder_array_physopt.dcp"/>
  <File Type="PHYSOPT-DRC" Name="adder_array_drc_physopted.rpt"/>
  <File Type="BITSTR-MSK" Name="adder_array.msk"/>
  <File Type="PHYSOPT-TIMING" Name="adder_array_timing_summary_physopted.rpt"/>
  <File Type="ROUTE-ERROR-DCP" Name="adder_array_routed_error.dcp"/>
  <File Type="ROUTE-DCP" Name="adder_array_routed.dcp"/>
  <File Type="ROUTE-BLACKBOX-DCP" Name="adder_array_routed_bb.dcp"/>
  <File Type="ROUTE-DRC" Name="adder_array_drc_routed.rpt"/>
  <File Type="ROUTE-DRC-PB" Name="adder_array_drc_routed.pb"/>
  <File Type="BITSTR-LTX" Name="debug_nets.ltx"/>
  <File Type="BITSTR-LTX" Name="adder_array.ltx"/>
  <File Type="ROUTE-DRC-RPX" Name="adder_array_drc_routed.rpx"/>
  <File Type="BITSTR-MMI" Name="adder_array.mmi"/>
  <File Type="ROUTE-METHODOLOGY-DRC" Name="adder_array_methodology_drc_routed.rpt"/>
  <File Type="ROUTE-METHODOLOGY-DRC-RPX" Name="adder_array_methodology_drc_routed.rpx"/>
  <File Type="BITSTR-SYSDEF" Name="adder_array.sysdef"/>
  <File Type="ROUTE-METHODOLOGY-DRC-PB" Name="adder_array_methodology_drc_routed.pb"/>
  <File Type="ROUTE-PWR-RPX" Name="adder_array_power_routed.rpx"/>
  <File Type="ROUTE-STATUS" Name="adder_array_route_status.rpt"/>
  <File Type="ROUTE-STATUS-PB" Name="adder_array_route_status.pb"/>
  <File Type="ROUTE-TIMINGSUMMARY" Name="adder_array_timing_summary_routed.rpt"/>
  <File Type="ROUTE-TIMING-PB" Name="adder_array_timing_summary_routed.pb"/>
  <File Type="ROUTE-TIMING-RPX" Name="adder_array_timing_summary_routed.rpx"/>
  <File Type="ROUTE-SIMILARITY" Name="adder_array_incremental_reuse_routed.rpt"/>
  <File Type="ROUTE-CLK" Name="adder_array_clock_utilization_routed.rpt"/>
  <File Type="ROUTE-BUS-SKEW" Name="adder_array_bus_skew_routed.rpt"/>
  <File Type="ROUTE-BUS-SKEW-PB" Name="adder_array_bus_skew_routed.pb"/>
  <File Type="ROUTE-BUS-SKEW-RPX" Name="adder_array_bus_skew_routed.rpx"/>
  <File Type="POSTROUTE-PHYSOPT-DCP" Name="adder_array_postroute_physopt.dcp"/>
  <File Type="POSTROUTE-PHYSOPT-BLACKBOX-DCP" Name="adder_array_postroute_physopt_bb.dcp"/>
  <File Type="POSTROUTE-PHYSOPT-TIMING" Name="adder_array_timing_summary_postroute_physopted.rpt"/>
  <File Type="POSTROUTE-PHYSOPT-TIMING-PB" Name="adder_array_timing_summary_postroute_physopted.pb"/>
  <File Type="POSTROUTE-PHYSOPT-TIMING-RPX" Name="adder_array_timing_summary_postroute_physopted.rpx"/>
  <File Type="POSTROUTE-PHYSOPT-BUS-SKEW" Name="adder_array_bus_skew_postroute_physopted.rpt"/>
  <File Type="POSTROUTE-PHYSOPT-BUS-SKEW-PB" Name="adder_array_bus_skew_postroute_physopted.pb"/>
  <File Type="BG-BIT" Name="adder_array.bit"/>
  <File Type="POSTROUTE-PHYSOPT-BUS-SKEW-RPX" Name="adder_array_bus_skew_postroute_physopted.rpx"/>
  <File Type="BITSTR-RBT" Name="adder_array.rbt"/>
  <File Type="BITSTR-NKY" Name="adder_array.nky"/>
  <File Type="BG-DRC" Name="adder_array.drc"/>
  <File Type="RDI-RDI" Name="adder_array.vdi"/>
  <File Type="WBT-USG" Name="usage_statistics_webtalk.html"/>
  <FileSet Name="sources" Type="DesignSrcs" RelSrcDir="$PSRCDIR/sources_1">
    <Filter Type="Srcs"/>
    <File Path="$PSRCDIR/sources_1/new/my_add.v">
      <FileInfo>
        <Attr Name="UsedIn" Val="synthesis"/>
        <Attr Name="UsedIn" Val="implementation"/>
        <Attr Name="UsedIn" Val="simulation"/>
      </FileInfo>
    </File>
    <File Path="$PSRCDIR/sources_1/new/adder_array.v">
      <FileInfo>
        <Attr Name="UsedIn" Val="synthesis"/>
        <Attr Name="UsedIn" Val="implementation"/>
        <Attr Name="UsedIn" Val="simulation"/>
      </FileInfo>
    </File>
    <File Path="$PSRCDIR/sources_1/ip/xbip_multadd_0/xbip_multadd_0.xci">
      <FileInfo>
        <Attr Name="AutoDisabled" Val="1"/>
        <Attr Name="UsedIn" Val="synthesis"/>
        <Attr Name="UsedIn" Val="implementation"/>
        <Attr Name="UsedIn" Val="simulation"/>
      </FileInfo>
    </File>
    <File Path="$PSRCDIR/sources_1/new/tb_multadd.v">
      <FileInfo>
        <Attr Name="AutoDisabled" Val="1"/>
        <Attr Name="UsedIn" Val="synthesis"/>
        <Attr Name="UsedIn" Val="implementation"/>
        <Attr Name="UsedIn" Val="simulation"/>
      </FileInfo>
    </File>
    <File Path="$PSRCDIR/sources_1/ip/floating_point_0/floating_point_0.xci">
      <FileInfo>
        <Attr Name="AutoDisabled" Val="1"/>
        <Attr Name="UsedIn" Val="synthesis"/>
        <Attr Name="UsedIn" Val="implementation"/>
        <Attr Name="UsedIn" Val="simulation"/>
      </FileInfo>
    </File>
    <File Path="$PSRCDIR/sources_1/new/tb_floating.v">
      <FileInfo>
        <Attr Name="AutoDisabled" Val="1"/>
        <Attr Name="UsedIn" Val="synthesis"/>
        <Attr Name="UsedIn" Val="implementation"/>
        <Attr Name="UsedIn" Val="simulation"/>
      </FileInfo>
    </File>
    <File Path="$PSRCDIR/sources_1/new/tb_addarray.v">
      <FileInfo>
        <Attr Name="AutoDisabled" Val="1"/>
        <Attr Name="UsedIn" Val="synthesis"/>
        <Attr Name="UsedIn" Val="implementation"/>
        <Attr Name="UsedIn" Val="simulation"/>
      </FileInfo>
    </File>
    <Config>
      <Option Name="DesignMode" Val="RTL"/>
      <Option Name="TopModule" Val="adder_array"/>
    </Config>
  </FileSet>
  <FileSet Name="constrs_in" Type="Constrs" RelSrcDir="$PSRCDIR/constrs_1">
    <Filter Type="Constrs"/>
    <Config>
      <Option Name="ConstrsType" Val="XDC"/>
    </Config>
  </FileSet>
  <FileSet Name="utils" Type="Utils" RelSrcDir="$PSRCDIR/utils_1">
    <Filter Type="Utils"/>
    <Config>
      <Option Name="TopAutoSet" Val="TRUE"/>
    </Config>
  </FileSet>
  <Strategy Version="1" Minor="2">
    <StratHandle Name="Vivado Implementation Defaults" Flow="Vivado Implementation 2018">
      <Desc>Default settings for Implementation.</Desc>
    </StratHandle>
    <Step Id="init_design"/>
    <Step Id="opt_design"/>
    <Step Id="power_opt_design"/>
    <Step Id="place_design"/>
    <Step Id="post_place_power_opt_design"/>
    <Step Id="phys_opt_design"/>
    <Step Id="route_design"/>
    <Step Id="post_route_phys_opt_design"/>
    <Step Id="write_bitstream"/>
  </Strategy>
</GenRun>
