<?xml version="1.0" encoding="UTF-8"?>
<GenRun Id="impl_1" LaunchPart="xc7z020clg484-1" LaunchTime="1586855730">
  <File Type="BITSTR-BMM" Name="tb_pe_bd.bmm"/>
  <File Type="PA-TCL" Name="tb_pe.tcl"/>
  <File Type="OPT-DCP" Name="tb_pe_opt.dcp"/>
  <File Type="REPORTS-TCL" Name="tb_pe_reports.tcl"/>
  <File Type="OPT-HWDEF" Name="tb_pe.hwdef"/>
  <File Type="BG-BGN" Name="tb_pe.bgn"/>
  <File Type="PWROPT-DCP" Name="tb_pe_pwropt.dcp"/>
  <File Type="PLACE-DCP" Name="tb_pe_placed.dcp"/>
  <File Type="PLACE-PRE-SIMILARITY" Name="tb_pe_incremental_reuse_pre_placed.rpt"/>
  <File Type="POSTPLACE-PWROPT-DCP" Name="tb_pe_postplace_pwropt.dcp"/>
  <File Type="BG-BIN" Name="tb_pe.bin"/>
  <File Type="PHYSOPT-DCP" Name="tb_pe_physopt.dcp"/>
  <File Type="BITSTR-MSK" Name="tb_pe.msk"/>
  <File Type="ROUTE-ERROR-DCP" Name="tb_pe_routed_error.dcp"/>
  <File Type="ROUTE-DCP" Name="tb_pe_routed.dcp"/>
  <File Type="ROUTE-BLACKBOX-DCP" Name="tb_pe_routed_bb.dcp"/>
  <File Type="BITSTR-LTX" Name="tb_pe.ltx"/>
  <File Type="BITSTR-MMI" Name="tb_pe.mmi"/>
  <File Type="BITSTR-SYSDEF" Name="tb_pe.sysdef"/>
  <File Type="ROUTE-TIMING-PB" Name="tb_pe_timing_summary_routed.pb"/>
  <File Type="POSTROUTE-PHYSOPT-DCP" Name="tb_pe_postroute_physopt.dcp"/>
  <File Type="POSTROUTE-PHYSOPT-BLACKBOX-DCP" Name="tb_pe_postroute_physopt_bb.dcp"/>
  <File Type="BG-BIT" Name="tb_pe.bit"/>
  <File Type="BITSTR-RBT" Name="tb_pe.rbt"/>
  <File Type="BITSTR-NKY" Name="tb_pe.nky"/>
  <File Type="BG-DRC" Name="tb_pe.drc"/>
  <File Type="RDI-RDI" Name="tb_pe.vdi"/>
  <File Type="WBT-USG" Name="usage_statistics_webtalk.html"/>
  <FileSet Name="sources" Type="DesignSrcs" RelSrcDir="$PSRCDIR/sources_1">
    <Filter Type="Srcs"/>
    <File Path="$PSRCDIR/sources_1/ip/floating_point_0/floating_point_0.xci">
      <FileInfo>
        <Attr Name="UsedIn" Val="synthesis"/>
        <Attr Name="UsedIn" Val="implementation"/>
        <Attr Name="UsedIn" Val="simulation"/>
      </FileInfo>
    </File>
    <File Path="$PSRCDIR/sources_1/new/my_pe.v">
      <FileInfo>
        <Attr Name="UsedIn" Val="synthesis"/>
        <Attr Name="UsedIn" Val="implementation"/>
        <Attr Name="UsedIn" Val="simulation"/>
      </FileInfo>
    </File>
    <File Path="$PSRCDIR/sources_1/new/tb_pe.v">
      <FileInfo>
        <Attr Name="UsedIn" Val="synthesis"/>
        <Attr Name="UsedIn" Val="implementation"/>
        <Attr Name="UsedIn" Val="simulation"/>
      </FileInfo>
    </File>
    <File Path="$PSRCDIR/sources_1/new/my_bram.v">
      <FileInfo>
        <Attr Name="AutoDisabled" Val="1"/>
        <Attr Name="UsedIn" Val="synthesis"/>
        <Attr Name="UsedIn" Val="implementation"/>
        <Attr Name="UsedIn" Val="simulation"/>
      </FileInfo>
    </File>
    <File Path="$PSRCDIR/sources_1/new/tb_bram.v">
      <FileInfo>
        <Attr Name="AutoDisabled" Val="1"/>
        <Attr Name="UsedIn" Val="synthesis"/>
        <Attr Name="UsedIn" Val="implementation"/>
        <Attr Name="UsedIn" Val="simulation"/>
      </FileInfo>
    </File>
    <Config>
      <Option Name="DesignMode" Val="RTL"/>
      <Option Name="TopModule" Val="tb_pe"/>
      <Option Name="TopAutoSet" Val="TRUE"/>
    </Config>
  </FileSet>
  <FileSet Name="constrs_in" Type="Constrs" RelSrcDir="$PSRCDIR/constrs_1">
    <Filter Type="Constrs"/>
    <Config>
      <Option Name="ConstrsType" Val="XDC"/>
    </Config>
  </FileSet>
  <FileSet Name="utils" Type="Utils" RelSrcDir="$PSRCDIR/utils_1">
    <Filter Type="Utils"/>
    <Config>
      <Option Name="TopAutoSet" Val="TRUE"/>
    </Config>
  </FileSet>
  <Strategy Version="1" Minor="2">
    <StratHandle Name="Vivado Implementation Defaults" Flow="Vivado Implementation 2018"/>
    <Step Id="init_design"/>
    <Step Id="opt_design"/>
    <Step Id="power_opt_design"/>
    <Step Id="place_design"/>
    <Step Id="post_place_power_opt_design"/>
    <Step Id="phys_opt_design"/>
    <Step Id="route_design"/>
    <Step Id="post_route_phys_opt_design"/>
    <Step Id="write_bitstream"/>
  </Strategy>
</GenRun>
